-- MySQL dump 10.13  Distrib 8.0.41, for Win64 (x86_64)
--
-- Host: localhost    Database: product_management_system
-- ------------------------------------------------------
-- Server version	8.0.41

/*!40101 SET @OLD_CHARACTER_SET_CLIENT=@@CHARACTER_SET_CLIENT */;
/*!40101 SET @OLD_CHARACTER_SET_RESULTS=@@CHARACTER_SET_RESULTS */;
/*!40101 SET @OLD_COLLATION_CONNECTION=@@COLLATION_CONNECTION */;
/*!50503 SET NAMES utf8 */;
/*!40103 SET @OLD_TIME_ZONE=@@TIME_ZONE */;
/*!40103 SET TIME_ZONE='+00:00' */;
/*!40014 SET @OLD_UNIQUE_CHECKS=@@UNIQUE_CHECKS, UNIQUE_CHECKS=0 */;
/*!40014 SET @OLD_FOREIGN_KEY_CHECKS=@@FOREIGN_KEY_CHECKS, FOREIGN_KEY_CHECKS=0 */;
/*!40101 SET @OLD_SQL_MODE=@@SQL_MODE, SQL_MODE='NO_AUTO_VALUE_ON_ZERO' */;
/*!40111 SET @OLD_SQL_NOTES=@@SQL_NOTES, SQL_NOTES=0 */;

--
-- Table structure for table `brands`
--

DROP TABLE IF EXISTS `brands`;
/*!40101 SET @saved_cs_client     = @@character_set_client */;
/*!50503 SET character_set_client = utf8mb4 */;
CREATE TABLE `brands` (
  `id` int NOT NULL AUTO_INCREMENT,
  `name` varchar(255) DEFAULT NULL,
  `description` text,
  PRIMARY KEY (`id`)
) ENGINE=InnoDB AUTO_INCREMENT=5 DEFAULT CHARSET=utf8mb4 COLLATE=utf8mb4_0900_ai_ci;
/*!40101 SET character_set_client = @saved_cs_client */;

--
-- Dumping data for table `brands`
--

LOCK TABLES `brands` WRITE;
/*!40000 ALTER TABLE `brands` DISABLE KEYS */;
INSERT INTO `brands` VALUES (1,'Apple','Hãng cao cấp đến từ Mỹ'),(2,'Dell','Đa dạng sản phẩm từ văn phòng đến gaming'),(3,'Asus','Gaming & học tập'),(4,'HP','Laptop phổ thông cho doanh nghiệp');
/*!40000 ALTER TABLE `brands` ENABLE KEYS */;
UNLOCK TABLES;

--
-- Table structure for table `categories`
--

DROP TABLE IF EXISTS `categories`;
/*!40101 SET @saved_cs_client     = @@character_set_client */;
/*!50503 SET character_set_client = utf8mb4 */;
CREATE TABLE `categories` (
  `id` int NOT NULL AUTO_INCREMENT,
  `name` varchar(255) DEFAULT NULL,
  `description` text,
  PRIMARY KEY (`id`)
) ENGINE=InnoDB AUTO_INCREMENT=5 DEFAULT CHARSET=utf8mb4 COLLATE=utf8mb4_0900_ai_ci;
/*!40101 SET character_set_client = @saved_cs_client */;

--
-- Dumping data for table `categories`
--

LOCK TABLES `categories` WRITE;
/*!40000 ALTER TABLE `categories` DISABLE KEYS */;
INSERT INTO `categories` VALUES (1,'Laptop','Máy tính xách tay đa dụng'),(2,'Tablet','Máy tính bảng giải trí, công việc'),(3,'Phụ kiện','Chuột, bàn phím, túi chống sốc,...'),(4,'Màn hình','Màn hình rời cho văn phòng và gaming');
/*!40000 ALTER TABLE `categories` ENABLE KEYS */;
UNLOCK TABLES;

--
-- Table structure for table `inventories`
--

DROP TABLE IF EXISTS `inventories`;
/*!40101 SET @saved_cs_client     = @@character_set_client */;
/*!50503 SET character_set_client = utf8mb4 */;
CREATE TABLE `inventories` (
  `product_id` int NOT NULL,
  `quantity_in` int DEFAULT NULL,
  `quantity_out` int DEFAULT NULL,
  `current_stock` int DEFAULT NULL,
  PRIMARY KEY (`product_id`),
  CONSTRAINT `inventories_ibfk_1` FOREIGN KEY (`product_id`) REFERENCES `products` (`id`)
) ENGINE=InnoDB DEFAULT CHARSET=utf8mb4 COLLATE=utf8mb4_0900_ai_ci;
/*!40101 SET character_set_client = @saved_cs_client */;

--
-- Dumping data for table `inventories`
--

LOCK TABLES `inventories` WRITE;
/*!40000 ALTER TABLE `inventories` DISABLE KEYS */;
INSERT INTO `inventories` VALUES (1,30,10,20),(2,20,5,15),(3,15,5,10),(4,40,15,25);
/*!40000 ALTER TABLE `inventories` ENABLE KEYS */;
UNLOCK TABLES;

--
-- Table structure for table `order_details`
--

DROP TABLE IF EXISTS `order_details`;
/*!40101 SET @saved_cs_client     = @@character_set_client */;
/*!50503 SET character_set_client = utf8mb4 */;
CREATE TABLE `order_details` (
  `id` int NOT NULL AUTO_INCREMENT,
  `order_id` int DEFAULT NULL,
  `product_id` int DEFAULT NULL,
  `quantity` int DEFAULT NULL,
  `price` double DEFAULT NULL,
  PRIMARY KEY (`id`),
  KEY `order_id` (`order_id`),
  KEY `product_id` (`product_id`),
  CONSTRAINT `order_details_ibfk_1` FOREIGN KEY (`order_id`) REFERENCES `orders` (`id`),
  CONSTRAINT `order_details_ibfk_2` FOREIGN KEY (`product_id`) REFERENCES `products` (`id`)
) ENGINE=InnoDB AUTO_INCREMENT=5 DEFAULT CHARSET=utf8mb4 COLLATE=utf8mb4_0900_ai_ci;
/*!40101 SET character_set_client = @saved_cs_client */;

--
-- Dumping data for table `order_details`
--

LOCK TABLES `order_details` WRITE;
/*!40000 ALTER TABLE `order_details` DISABLE KEYS */;
INSERT INTO `order_details` VALUES (1,1,1,1,1299),(2,2,3,1,999.5),(3,3,4,1,649),(4,2,2,1,1199.99);
/*!40000 ALTER TABLE `order_details` ENABLE KEYS */;
UNLOCK TABLES;

--
-- Table structure for table `orders`
--

DROP TABLE IF EXISTS `orders`;
/*!40101 SET @saved_cs_client     = @@character_set_client */;
/*!50503 SET character_set_client = utf8mb4 */;
CREATE TABLE `orders` (
  `id` int NOT NULL AUTO_INCREMENT,
  `user_id` int DEFAULT NULL,
  `created_at` datetime DEFAULT NULL,
  `status` varchar(50) DEFAULT NULL,
  `total_amount` double DEFAULT NULL,
  PRIMARY KEY (`id`),
  KEY `user_id` (`user_id`),
  CONSTRAINT `orders_ibfk_1` FOREIGN KEY (`user_id`) REFERENCES `users` (`id`)
) ENGINE=InnoDB AUTO_INCREMENT=5 DEFAULT CHARSET=utf8mb4 COLLATE=utf8mb4_0900_ai_ci;
/*!40101 SET character_set_client = @saved_cs_client */;

--
-- Dumping data for table `orders`
--

LOCK TABLES `orders` WRITE;
/*!40000 ALTER TABLE `orders` DISABLE KEYS */;
INSERT INTO `orders` VALUES (1,3,'2025-05-15 10:30:00','completed',1299),(2,3,'2025-05-16 14:45:00','pending',999.5),(3,4,'2025-05-17 09:00:00','shipped',649),(4,4,'2025-05-18 12:15:00','cancelled',0);
/*!40000 ALTER TABLE `orders` ENABLE KEYS */;
UNLOCK TABLES;

--
-- Table structure for table `products`
--

DROP TABLE IF EXISTS `products`;
/*!40101 SET @saved_cs_client     = @@character_set_client */;
/*!50503 SET character_set_client = utf8mb4 */;
CREATE TABLE `products` (
  `id` int NOT NULL AUTO_INCREMENT,
  `name` varchar(255) DEFAULT NULL,
  `description` text,
  `price` double DEFAULT NULL,
  `category_id` int DEFAULT NULL,
  `brand_id` int DEFAULT NULL,
  `stock_quantity` int DEFAULT NULL,
  PRIMARY KEY (`id`),
  KEY `category_id` (`category_id`),
  KEY `brand_id` (`brand_id`),
  CONSTRAINT `products_ibfk_1` FOREIGN KEY (`category_id`) REFERENCES `categories` (`id`),
  CONSTRAINT `products_ibfk_2` FOREIGN KEY (`brand_id`) REFERENCES `brands` (`id`)
) ENGINE=InnoDB AUTO_INCREMENT=5 DEFAULT CHARSET=utf8mb4 COLLATE=utf8mb4_0900_ai_ci;
/*!40101 SET character_set_client = @saved_cs_client */;

--
-- Dumping data for table `products`
--

LOCK TABLES `products` WRITE;
/*!40000 ALTER TABLE `products` DISABLE KEYS */;
INSERT INTO `products` VALUES (1,'MacBook Air M2 2023','Mỏng nhẹ, chip M2, pin trâu',1299,1,1,20),(2,'Dell XPS 13 Plus','Ultrabook cao cấp, màn OLED',1199.99,1,2,15),(3,'Asus TUF Gaming F15','Gaming bền bỉ, GTX 4050',999.5,1,3,10),(4,'HP Pavilion 14','Sinh viên - Văn phòng',649,1,4,25);
/*!40000 ALTER TABLE `products` ENABLE KEYS */;
UNLOCK TABLES;

--
-- Table structure for table `statistics`
--

DROP TABLE IF EXISTS `statistics`;
/*!40101 SET @saved_cs_client     = @@character_set_client */;
/*!50503 SET character_set_client = utf8mb4 */;
CREATE TABLE `statistics` (
  `product_id` int NOT NULL,
  `sold_quantity` int DEFAULT NULL,
  `revenue` double DEFAULT NULL,
  `date` date DEFAULT NULL,
  PRIMARY KEY (`product_id`),
  CONSTRAINT `statistics_ibfk_1` FOREIGN KEY (`product_id`) REFERENCES `products` (`id`)
) ENGINE=InnoDB DEFAULT CHARSET=utf8mb4 COLLATE=utf8mb4_0900_ai_ci;
/*!40101 SET character_set_client = @saved_cs_client */;

--
-- Dumping data for table `statistics`
--

LOCK TABLES `statistics` WRITE;
/*!40000 ALTER TABLE `statistics` DISABLE KEYS */;
INSERT INTO `statistics` VALUES (1,10,12990,'2025-05-20'),(2,5,5999.95,'2025-05-20'),(3,5,4997.5,'2025-05-20'),(4,10,6490,'2025-05-20');
/*!40000 ALTER TABLE `statistics` ENABLE KEYS */;
UNLOCK TABLES;

--
-- Table structure for table `users`
--

DROP TABLE IF EXISTS `users`;
/*!40101 SET @saved_cs_client     = @@character_set_client */;
/*!50503 SET character_set_client = utf8mb4 */;
CREATE TABLE `users` (
  `id` int NOT NULL AUTO_INCREMENT,
  `username` varchar(100) DEFAULT NULL,
  `password` varchar(255) DEFAULT NULL,
  `email` varchar(255) DEFAULT NULL,
  `role` varchar(255) DEFAULT NULL,
  `status` tinyint(1) DEFAULT NULL,
  PRIMARY KEY (`id`)
) ENGINE=InnoDB AUTO_INCREMENT=5 DEFAULT CHARSET=utf8mb4 COLLATE=utf8mb4_0900_ai_ci;
/*!40101 SET character_set_client = @saved_cs_client */;

--
-- Dumping data for table `users`
--

LOCK TABLES `users` WRITE;
/*!40000 ALTER TABLE `users` DISABLE KEYS */;
INSERT INTO `users` VALUES (1,'phomaiconbopuon','9a2d7df6e847e1452dd2e25fcab54ab5fdf1f7c7ab265004739682d22154ad09','bopuon@gmail.com','admin',1),(2,'_nglthu','de2ef7853d2179dc70a7f47a51eec8ea97a0e15f8a5a7f18b810f8e0d3699da4','nglthu@gmail.com','client',1),(3,'nguoihataybay','19d260c630c4eecdc2b7b9de8828d22802a748c8ce1e013b0fae01a4d25de3fa','trminh@gmail.com','client',1),(4,'tumaKhanh','fe760740f218fd96cb6c4d23d6cf5863f950924d792cf327d7645e6cd5612b80','tumakhanh@gmail.com','client',1);
/*!40000 ALTER TABLE `users` ENABLE KEYS */;
UNLOCK TABLES;

--
-- Table structure for table `vouchers`
--

DROP TABLE IF EXISTS `vouchers`;
/*!40101 SET @saved_cs_client     = @@character_set_client */;
/*!50503 SET character_set_client = utf8mb4 */;
CREATE TABLE `vouchers` (
  `id` int NOT NULL AUTO_INCREMENT,
  `code` varchar(100) DEFAULT NULL,
  `discount` double DEFAULT NULL,
  `valid_from` date DEFAULT NULL,
  `valid_to` date DEFAULT NULL,
  `status` tinyint(1) DEFAULT NULL,
  PRIMARY KEY (`id`)
) ENGINE=InnoDB AUTO_INCREMENT=5 DEFAULT CHARSET=utf8mb4 COLLATE=utf8mb4_0900_ai_ci;
/*!40101 SET character_set_client = @saved_cs_client */;

--
-- Dumping data for table `vouchers`
--

LOCK TABLES `vouchers` WRITE;
/*!40000 ALTER TABLE `vouchers` DISABLE KEYS */;
INSERT INTO `vouchers` VALUES (1,'blackfriday10',10,'2025-01-01','2025-12-31',1),(2,'15nam',5,'2025-05-01','2025-07-01',1),(3,'phomaiconbopuon',20,'2025-06-01','2025-08-01',1),(4,'bigsale50',15,'2024-01-01','2024-12-31',0);
/*!40000 ALTER TABLE `vouchers` ENABLE KEYS */;
UNLOCK TABLES;
/*!40103 SET TIME_ZONE=@OLD_TIME_ZONE */;

/*!40101 SET SQL_MODE=@OLD_SQL_MODE */;
/*!40014 SET FOREIGN_KEY_CHECKS=@OLD_FOREIGN_KEY_CHECKS */;
/*!40014 SET UNIQUE_CHECKS=@OLD_UNIQUE_CHECKS */;
/*!40101 SET CHARACTER_SET_CLIENT=@OLD_CHARACTER_SET_CLIENT */;
/*!40101 SET CHARACTER_SET_RESULTS=@OLD_CHARACTER_SET_RESULTS */;
/*!40101 SET COLLATION_CONNECTION=@OLD_COLLATION_CONNECTION */;
/*!40111 SET SQL_NOTES=@OLD_SQL_NOTES */;

-- Dump completed on 2025-05-21 17:18:11
